{"DRIVING_WITHOUT_LICENCE":1366.6666666666667,"DRUNK_DRIVER":1100.0,"SPEEDING":1078.5714285714287,"DRIVING_ON_RED_LIGHT":1050.0,"CAR_WITHOUT_INSURANCE":866.6666666666666}